mean_fit_time,std_fit_time,mean_score_time,std_score_time,params,mean_test_score,std_test_score,rank_test_score,Model Type,Training Data
6.2684238910675045,0.2913470350464878,0.0882006645202636,0.0058094420511695,"{'max_depth': 25, 'max_features': 10, 'n_estimators': 250}",9.148184643120109,0.2028835138974416,1,Random Forest,Full Dataset
4.230463886260987,0.0880997547152219,0.0731993675231933,0.0034288483665384,"{'max_depth': 10, 'max_features': 10, 'n_estimators': 250}",9.172346541185554,0.2118252428594842,2,Random Forest,Full Dataset
2.445698118209839,0.1446785527617267,0.0433998584747314,0.0030081671744403,"{'max_depth': 25, 'max_features': 10, 'n_estimators': 100}",9.181977276231075,0.1763330013320242,3,Random Forest,Full Dataset
8.18336763381958,0.5180709864772605,0.0746010303497314,0.0037724727523626,"{'max_depth': 10, 'max_features': 20, 'n_estimators': 250}",9.185675630026982,0.2156197150199548,4,Random Forest,Full Dataset
9.557656145095825,0.5414754993363601,0.0736335277557373,0.0018324349932774,"{'max_depth': 25, 'max_features': 20, 'n_estimators': 250}",9.198325536277071,0.1799020665315604,5,Random Forest,Full Dataset
1.852591133117676,0.320262202057708,0.0318005561828613,0.002317246791985,"{'max_depth': 10, 'max_features': 10, 'n_estimators': 100}",9.203887933779718,0.1987214624038507,6,Random Forest,Full Dataset
3.499285888671875,0.3964386024890535,0.0353987693786621,0.0055367732196483,"{'max_depth': 10, 'max_features': 20, 'n_estimators': 100}",9.208469894524288,0.2234779380882241,7,Random Forest,Full Dataset
4.315409803390503,0.0697843084716162,0.0428015232086181,0.0041660072410738,"{'max_depth': 25, 'max_features': 20, 'n_estimators': 100}",9.219631149894862,0.178725731606624,8,Random Forest,Full Dataset
3.679764175415039,0.1761414771813654,0.0989610195159912,0.0040704886287699,"{'max_depth': 25, 'max_features': 5, 'n_estimators': 250}",9.22138612921339,0.2292433818385085,9,Random Forest,Full Dataset
1.4745428085327148,0.0583614292743331,0.0406003952026367,0.0010200615305707,"{'max_depth': 25, 'max_features': 5, 'n_estimators': 100}",9.223171966484902,0.2058389950921033,10,Random Forest,Full Dataset
3.4660283088684083,0.4683913313356208,0.0957130432128906,0.0151498363674755,"{'max_depth': 10, 'max_features': 5, 'n_estimators': 250}",9.269239999206762,0.2332604846540666,11,Random Forest,Full Dataset
1.0227975845336914,0.0137173611378969,0.0320005416870117,0.0026062334796256,"{'max_depth': 10, 'max_features': 5, 'n_estimators': 100}",9.27627566878927,0.2120478804065408,12,Random Forest,Full Dataset
1.369900608062744,0.0559532229287868,0.6120014667510987,0.0224697235755675,"{'C': 10, 'gamma': 'auto', 'kernel': 'rbf'}",9.422904911609942,0.2311800898402809,1,SVM,Full Dataset
1.3840569972991943,0.0432959508377642,0.6287067890167236,0.0303173779201476,"{'C': 10, 'gamma': 'scale', 'kernel': 'rbf'}",9.432497836168334,0.2255787062759799,2,SVM,Full Dataset
0.0112046718597412,0.0064665955900091,0.1517952919006347,0.0205532171941306,"{'n_neighbors': 20, 'p': 2, 'weights': 'distance'}",9.727063124647882,0.2189478389862282,1,KNN,Full Dataset
0.0115971088409423,0.0102411615859724,0.2873988628387451,0.0595675947204831,"{'n_neighbors': 20, 'p': 1, 'weights': 'distance'}",9.747669069884475,0.1962011227140012,2,KNN,Full Dataset
0.0122007846832275,0.0119186596650264,0.1527941703796386,0.022593427068801,"{'n_neighbors': 10, 'p': 2, 'weights': 'distance'}",9.749431971111289,0.1969055100018746,3,KNN,Full Dataset
0.0088010311126708,0.0071668025028233,0.1545962333679199,0.0191873914838641,"{'n_neighbors': 20, 'p': 2, 'weights': 'uniform'}",9.775031395972864,0.224403673752098,4,KNN,Full Dataset
10.464160871505737,0.4801136788710279,0.1609998226165771,0.0075885143094885,"{'learning_rate': 0.01, 'n_estimators': 500}",9.78160917191283,0.2021893172987551,1,AdaBoost DT Regression,Full Dataset
0.0065977096557617,0.0012009479504003,0.1408026218414306,0.0194748780188771,"{'n_neighbors': 10, 'p': 2, 'weights': 'uniform'}",9.788474536308511,0.2018589467188641,5,KNN,Full Dataset
0.0063995838165283,0.0013527373448322,0.2721986293792724,0.0315908010559571,"{'n_neighbors': 10, 'p': 1, 'weights': 'distance'}",9.793903165724638,0.2346288452244815,6,KNN,Full Dataset
0.0088006973266601,0.0029250995397199,0.2341987609863281,0.0053114097096818,"{'n_neighbors': 20, 'p': 1, 'weights': 'uniform'}",9.79431525197825,0.195343206892064,7,KNN,Full Dataset
2.249318265914917,0.3478971936747529,0.0332027435302734,0.0036003546310261,"{'learning_rate': 0.1, 'n_estimators': 100}",9.794619497959603,0.1634559720951046,2,AdaBoost DT Regression,Full Dataset
1.0998538494110108,0.1488314150169351,0.0190005779266357,0.0022812740164948,"{'learning_rate': 0.1, 'n_estimators': 50}",9.800412861259309,0.1795239456387335,3,AdaBoost DT Regression,Full Dataset
5.241439723968506,0.2356925499568676,0.080666971206665,0.0063083563093392,"{'learning_rate': 0.01, 'n_estimators': 250}",9.800546159720986,0.2322505693262678,4,AdaBoost DT Regression,Full Dataset
0.0075958728790283,0.0010207652455371,0.2962040424346924,0.0409547101239255,"{'n_neighbors': 10, 'p': 1, 'weights': 'uniform'}",9.833375740450656,0.2368428998290846,8,KNN,Full Dataset
3.0654980659484865,0.0940147082335251,0.625674057006836,0.0358454106275463,"{'C': 100, 'gamma': 'auto', 'kernel': 'rbf'}",9.857170464588194,0.247711709393991,3,SVM,Full Dataset
0.0107982158660888,0.0013265546408446,0.0042000293731689,0.0007460372883244,{'alpha': 0.1},9.873623685850912,0.2998749045574052,1,Ridge Regression,Full Dataset
0.0114011764526367,0.0021538080661995,0.0041971683502197,0.0007500382550248,{'alpha': 0.01},9.873651213311616,0.3028789988336198,2,Ridge Regression,Full Dataset
0.0506000995635986,0.0558814217940137,0.0061977863311767,0.002925169786012,{'alpha': 0.001},9.873677840477026,0.3032351020669031,3,Ridge Regression,Full Dataset
0.0108023643493652,0.0022230347283077,0.0053963184356689,0.0014972468347231,{'alpha': 1},9.87632524769148,0.2895899403639545,4,Ridge Regression,Full Dataset
0.930260181427002,0.1022903608946292,0.0042047023773193,0.0011639911330073,"{'alpha': 0.001, 'l1_ratio': 0.9}",9.876401606364375,0.2909650040095151,1,Elastic Net Regression,Full Dataset
1.0929699897766114,0.0715352863381249,0.0042019844055175,0.000749774304869,"{'alpha': 0.001, 'l1_ratio': 0.7}",9.877378822768836,0.2880227653569962,2,Elastic Net Regression,Full Dataset
1.01637601852417,0.0936818166836472,0.0034000873565673,0.0004894932823189,"{'alpha': 0.001, 'l1_ratio': 0.5}",9.877979124567291,0.2867548261789293,3,Elastic Net Regression,Full Dataset
0.8386900424957275,0.0182625833451321,0.0033972740173339,0.0004877193251799,"{'alpha': 0.001, 'l1_ratio': 0.3}",9.878330082433546,0.2860845999609399,4,Elastic Net Regression,Full Dataset
0.1578030109405517,0.0146905138944077,0.0043968677520751,0.0008023188171355,{'alpha': 0.001},9.87849357695642,0.2865284169660236,1,Lasso Regression,Full Dataset
0.9198924541473388,0.121930443192287,0.0039988040924072,0.000893886336285,"{'alpha': 0.001, 'l1_ratio': 0.1}",9.878547256406378,0.2856796243271527,5,Elastic Net Regression,Full Dataset
0.0096012115478515,0.0007998388174493,0.0041967868804931,0.0003976458709013,{'alpha': 10},9.879770956339703,0.2839063066487803,5,Ridge Regression,Full Dataset
0.0269929409027099,0.0029624629396687,0.0037994384765625,0.0009845414552798,{'alpha': 0.01},9.880122468359694,0.2818871668858704,2,Lasso Regression,Full Dataset
0.0405987739562988,0.0175407879710796,0.0046058654785156,0.0010187102957655,"{'alpha': 0.01, 'l1_ratio': 0.9}",9.880450704985623,0.281883237954041,6,Elastic Net Regression,Full Dataset
0.0379974365234375,0.024273838252092,0.0038063526153564,0.0004036559059369,"{'alpha': 0.01, 'l1_ratio': 0.7}",9.881076796544928,0.2820422729432765,7,Elastic Net Regression,Full Dataset
0.038802146911621,0.0067374897878652,0.0045977592468261,0.0013584468056715,"{'alpha': 0.01, 'l1_ratio': 0.5}",9.882107978968024,0.2825242644647684,8,Elastic Net Regression,Full Dataset
0.0392078399658203,0.0129850134984973,0.0037977695465087,0.0011484195456963,"{'alpha': 0.01, 'l1_ratio': 0.3}",9.883365445512144,0.2830303757999858,9,Elastic Net Regression,Full Dataset
0.044797945022583,0.009172036522186,0.0036014556884765,0.0004915740281977,"{'alpha': 0.01, 'l1_ratio': 0.1}",9.88480741450655,0.2835060483692613,10,Elastic Net Regression,Full Dataset
4.263135814666748,0.6966669884577514,0.0677099227905273,0.0068846985899241,"{'learning_rate': 0.1, 'n_estimators': 250}",9.889838333428772,0.1554437033100177,5,AdaBoost DT Regression,Full Dataset
3.0942837238311767,0.0964693286366297,0.5823459148406982,0.0123026585287183,"{'C': 100, 'gamma': 'scale', 'kernel': 'rbf'}",9.89979922496646,0.2598889687799679,4,SVM,Full Dataset
0.0063957691192626,0.0010150400274052,0.1541985034942627,0.0248125393178094,"{'n_neighbors': 50, 'p': 2, 'weights': 'distance'}",9.913900899042472,0.1784851691315247,9,KNN,Full Dataset
0.0070006847381591,0.0006364106555851,0.2511933326721191,0.0128283380016622,"{'n_neighbors': 50, 'p': 1, 'weights': 'distance'}",9.914412544444412,0.2074851613661338,10,KNN,Full Dataset
4.9907575130462645,0.828246661543218,0.0810011863708496,0.0152304581732682,"{'learning_rate': 0.1, 'n_estimators': 500}",9.923971944166498,0.1423080268261676,6,AdaBoost DT Regression,Full Dataset
0.0257972717285156,0.004355596165844,0.0040004253387451,0.0006315097818948,{'alpha': 0.1},9.928292344387582,0.2716021792526101,3,Lasso Regression,Full Dataset
0.0241995811462402,0.0055705872290728,0.0040028095245361,5.186357662650576e-06,"{'alpha': 0.1, 'l1_ratio': 0.9}",9.941689845746623,0.2730875488024052,11,Elastic Net Regression,Full Dataset
0.0171968936920166,0.0019423697583253,0.0040019035339355,0.0006325036569206,"{'alpha': 0.1, 'l1_ratio': 0.7}",9.961384873169951,0.2763820041653812,12,Elastic Net Regression,Full Dataset
20.99870686531067,2.5154063420379718,0.2085984230041503,0.0298580587114042,"{'C': 100, 'degree': 2, 'kernel': 'linear'}",9.964047509449513,0.3326741959969623,5,SVM,Full Dataset
19.33660683631897,1.6953844792211203,0.1916158199310302,0.0033505210093096,"{'C': 100, 'degree': 3, 'kernel': 'linear'}",9.964047509449513,0.3326741959969623,5,SVM,Full Dataset
19.476522541046144,2.638065127844551,0.1954267024993896,0.0109051644708773,"{'C': 100, 'degree': 4, 'kernel': 'linear'}",9.964047509449513,0.3326741959969623,5,SVM,Full Dataset
176.47101616859436,7.501873921343498,0.2050269126892089,0.0102536643576172,"{'C': 1000, 'degree': 4, 'kernel': 'linear'}",9.96766857179284,0.3365094918795469,8,SVM,Full Dataset
183.28403458595275,3.5985321825900165,0.2186761856079101,0.015200378672187,"{'C': 1000, 'degree': 2, 'kernel': 'linear'}",9.96766857179284,0.3365094918795469,8,SVM,Full Dataset
179.44800515174865,4.838740970490247,0.2108283519744873,0.014120023632805,"{'C': 1000, 'degree': 3, 'kernel': 'linear'}",9.96766857179284,0.3365094918795469,8,SVM,Full Dataset
3.317833423614502,0.1997078827442893,0.20159912109375,0.0144163933784188,"{'C': 10, 'degree': 4, 'kernel': 'linear'}",9.968614025762609,0.3234902662558143,11,SVM,Full Dataset
3.443778467178345,0.3377685001943005,0.2181405544281006,0.0345833071078901,"{'C': 10, 'degree': 3, 'kernel': 'linear'}",9.968614025762609,0.3234902662558143,11,SVM,Full Dataset
3.755847597122192,0.2234620284320982,0.2060002326965332,0.0106388315060764,"{'C': 10, 'degree': 2, 'kernel': 'linear'}",9.968614025762609,0.3234902662558143,11,SVM,Full Dataset
0.0083977699279785,0.002416485951258,0.2851996421813965,0.0535046233342565,"{'n_neighbors': 50, 'p': 1, 'weights': 'uniform'}",9.971482056085762,0.205906203802157,11,KNN,Full Dataset
0.0091989994049072,0.003373267416541,0.1628022670745849,0.0340912044378406,"{'n_neighbors': 50, 'p': 2, 'weights': 'uniform'}",9.972450261012003,0.1777698978562811,12,KNN,Full Dataset
1.2211416721343995,0.0330932698340692,0.2249950885772705,0.0351231161706828,"{'C': 1, 'degree': 4, 'kernel': 'linear'}",9.973260576795669,0.3239942779959546,14,SVM,Full Dataset
1.258599090576172,0.03225229878256,0.2037989139556884,0.0110149157156443,"{'C': 1, 'degree': 3, 'kernel': 'linear'}",9.973260576795669,0.3239942779959546,14,SVM,Full Dataset
1.1997931003570557,0.0175066376891821,0.1889995574951171,0.0029005516541364,"{'C': 1, 'degree': 2, 'kernel': 'linear'}",9.973260576795669,0.3239942779959546,14,SVM,Full Dataset
2.078455114364624,0.0901252630748576,0.0310021877288818,0.0014145179406743,"{'learning_rate': 0.01, 'n_estimators': 100}",9.973521275193033,0.2280731030383063,7,AdaBoost DT Regression,Full Dataset
0.0170005798339843,0.0016725732044981,0.004198408126831,0.0004005023560803,"{'alpha': 0.1, 'l1_ratio': 0.5}",9.974315267037534,0.279957432747017,13,Elastic Net Regression,Full Dataset
0.0203960418701171,0.0052040691133642,0.0042048931121826,0.0011664015240182,"{'alpha': 0.1, 'l1_ratio': 0.3}",9.98265583655788,0.282220910408982,14,Elastic Net Regression,Full Dataset
0.0262008190155029,0.0086093228286082,0.0079976081848144,0.0075613626978971,"{'alpha': 0.1, 'l1_ratio': 0.1}",9.990133709948262,0.2838363068995776,15,Elastic Net Regression,Full Dataset
1.023677682876587,0.0244850087782614,0.2030450820922851,0.0048229613582926,"{'C': 0.1, 'degree': 4, 'kernel': 'linear'}",9.994083273452238,0.3133782389292012,17,SVM,Full Dataset
1.0324730396270752,0.0196252273901675,0.1912394523620605,0.002588265851385,"{'C': 0.1, 'degree': 3, 'kernel': 'linear'}",9.994083273452238,0.3133782389292012,17,SVM,Full Dataset
1.042896747589111,0.0428270318576985,0.2017372131347656,0.0115605455196516,"{'C': 0.1, 'degree': 2, 'kernel': 'linear'}",9.994083273452238,0.3133782389292012,17,SVM,Full Dataset
10.391327476501464,0.5863133989522835,0.1570028781890869,0.0178078683584831,"{'learning_rate': 0.001, 'n_estimators': 500}",10.031827359046137,0.265661313862447,8,AdaBoost DT Regression,Full Dataset
0.0068019390106201,0.0011638678886211,0.1755956172943115,0.0147330908440748,"{'n_neighbors': 5, 'p': 2, 'weights': 'distance'}",10.054441561489837,0.1780965018394361,13,KNN,Full Dataset
0.7823551177978516,0.147614172099866,0.0169982433319091,0.0020005001081488,"{'learning_rate': 1, 'n_estimators': 50}",10.068139689565252,0.1828817366954083,9,AdaBoost DT Regression,Full Dataset
5.553936862945557,0.3405400068070545,0.0767920970916748,0.0061513888928682,"{'learning_rate': 0.001, 'n_estimators': 250}",10.069589697180463,0.2845681813685015,10,AdaBoost DT Regression,Full Dataset
1.1354775905609131,0.0647106610766818,0.0181993007659912,0.0014685302576251,"{'learning_rate': 0.01, 'n_estimators': 50}",10.077206655065746,0.2795089696945033,11,AdaBoost DT Regression,Full Dataset
0.0055964946746826,0.0008029246045628,0.2744022846221924,0.0298426533034261,"{'n_neighbors': 5, 'p': 1, 'weights': 'distance'}",10.078407776127865,0.2411672324686032,14,KNN,Full Dataset
0.0059972763061523,0.0015554882244073,0.1690009593963623,0.0450544974500349,"{'n_neighbors': 5, 'p': 2, 'weights': 'uniform'}",10.09081959828021,0.1709127628448755,15,KNN,Full Dataset
1.3080121517181396,0.0663403018354613,0.6432552814483643,0.0372280870568537,"{'C': 1, 'gamma': 'auto', 'kernel': 'rbf'}",10.094051363090689,0.1807556320688028,20,SVM,Full Dataset
0.0044042110443115,0.0008039975150731,0.2611993312835693,0.0193776875445859,"{'n_neighbors': 5, 'p': 1, 'weights': 'uniform'}",10.111568374840278,0.2411417839387759,16,KNN,Full Dataset
1.1681579113006593,0.5626489144007155,0.028200340270996,0.0144859029149668,"{'learning_rate': 1, 'n_estimators': 100}",10.11471547294852,0.1840373767160096,12,AdaBoost DT Regression,Full Dataset
2.658542346954346,0.5090032188108884,0.0322029590606689,0.0017200027761741,"{'learning_rate': 0.001, 'n_estimators': 100}",10.129645663000664,0.3134920972013921,13,AdaBoost DT Regression,Full Dataset
1.2813120365142825,0.0528289207958172,0.6248953342437744,0.0222196762288194,"{'C': 1, 'gamma': 'scale', 'kernel': 'rbf'}",10.1312210066378,0.1768200238235183,21,SVM,Full Dataset
1.2868492126464843,0.2944878682508527,0.0213164329528808,0.0088569966643175,"{'learning_rate': 0.001, 'n_estimators': 50}",10.13403879354826,0.2831740275254706,14,AdaBoost DT Regression,Full Dataset
0.9781822204589844,0.0216739724843999,0.1888040542602539,0.0054224979135492,"{'C': 0.01, 'degree': 4, 'kernel': 'linear'}",10.190302837062005,0.2544017492478221,22,SVM,Full Dataset
1.4647974491119384,0.1475650793344904,0.1986218929290771,0.0054524481991874,"{'C': 0.01, 'degree': 3, 'kernel': 'linear'}",10.190302837062005,0.2544017492478221,22,SVM,Full Dataset
0.9844317436218262,0.0250250990649563,0.2018051624298095,0.0048341619740117,"{'C': 0.01, 'degree': 2, 'kernel': 'linear'}",10.190302837062005,0.2544017492478221,22,SVM,Full Dataset
3.5483945846557616,1.8060844931276097,0.0706014633178711,0.0368920874674555,"{'learning_rate': 1, 'n_estimators': 500}",10.194951986470937,0.160773142817679,15,AdaBoost DT Regression,Full Dataset
0.0312014579772949,0.0104211513173198,0.0042105197906494,0.0003971191177545,{'alpha': 1},10.227230861496896,0.2493569755654728,4,Lasso Regression,Full Dataset
2.973418283462524,0.8850183319509803,0.0583497047424316,0.0123962660566077,"{'learning_rate': 1, 'n_estimators': 250}",10.249449681377362,0.2757812726048885,16,AdaBoost DT Regression,Full Dataset
0.0105955123901367,0.0013587164812555,0.0036009311676025,0.0004866807708181,"{'alpha': 1, 'l1_ratio': 0.9}",10.27236229118172,0.2491510628631876,16,Elastic Net Regression,Full Dataset
0.0112035274505615,0.0004053673144902,0.0035954475402832,0.0008012541612358,"{'alpha': 1, 'l1_ratio': 0.7}",10.339032622363652,0.2379715472791113,17,Elastic Net Regression,Full Dataset
0.0116057872772216,0.0016259242155673,0.0092035770416259,0.0071620885043242,"{'alpha': 1, 'l1_ratio': 0.5}",10.39301685157019,0.2292435559102626,18,Elastic Net Regression,Full Dataset
0.0107937335968017,0.0007470695031619,0.0039974212646484,1.2848085007960777e-06,"{'alpha': 1, 'l1_ratio': 0.3}",10.4248126577717,0.2263809384608588,19,Elastic Net Regression,Full Dataset
0.0124036788940429,0.0020617478980877,0.0057962417602539,0.0020360497306671,"{'alpha': 1, 'l1_ratio': 0.1}",10.452932577556831,0.2246289729403399,20,Elastic Net Regression,Full Dataset
1.6899935245513915,0.0365124184203375,0.2064311981201171,0.0093156158224952,"{'C': 10, 'gamma': 'auto', 'kernel': 'poly'}",10.649717557931854,0.1831733431541287,25,SVM,Full Dataset
2.0325186252593994,0.1356399768410905,0.2139846801757812,0.0046854875566648,"{'C': 10, 'gamma': 'scale', 'kernel': 'poly'}",10.727003472036635,0.1825398030348861,26,SVM,Full Dataset
1.3674599170684814,0.0588966943060332,0.2812013626098633,0.0147692822558311,"{'C': 0.1, 'gamma': 'auto', 'kernel': 'sigmoid'}",10.766712270002303,0.258872871687316,27,SVM,Full Dataset
1.3561561107635498,0.0606450260192108,0.2801613330841064,0.0126709289468012,"{'C': 0.1, 'gamma': 'scale', 'kernel': 'sigmoid'}",10.81555454745732,0.2622915305467101,28,SVM,Full Dataset
1.233958721160889,0.0723565422347679,0.5588924407958984,0.0115954529545171,"{'C': 10, 'gamma': 'scale', 'kernel': 'rbf'}",10.836493702591689,0.3056963026106276,1,SVM,Subset Dataset
1.2740881443023682,0.0734154387977631,0.5851820945739746,0.024281225606395,"{'C': 10, 'gamma': 'auto', 'kernel': 'rbf'}",10.83708036023901,0.3060943618770554,2,SVM,Subset Dataset
1.1369012355804444,0.0506367762346759,0.2043989181518554,0.0088643348610704,"{'C': 1, 'gamma': 'scale', 'kernel': 'poly'}",10.866821914760402,0.3659040843695544,29,SVM,Full Dataset
0.0101969242095947,0.0009797250052453,0.0522021770477294,0.0061145783790788,"{'n_neighbors': 50, 'p': 1, 'weights': 'uniform'}",10.9289728210457,0.347284183591276,1,KNN,Subset Dataset
1.138096237182617,0.0646602142683184,0.2083109378814697,0.0114992850572718,"{'C': 1, 'gamma': 'auto', 'kernel': 'poly'}",10.951484910273388,0.3572441439629799,30,SVM,Full Dataset
0.0140008449554443,0.0044713110520421,0.042998456954956,0.0044262755390316,"{'n_neighbors': 50, 'p': 2, 'weights': 'uniform'}",10.969427102621164,0.3510982118100658,2,KNN,Subset Dataset
0.013197374343872,0.0050290404902794,0.047597312927246,0.0202276133609444,"{'n_neighbors': 20, 'p': 1, 'weights': 'uniform'}",10.985699816078624,0.3716953131280293,3,KNN,Subset Dataset
0.0149994373321533,0.0120126931349275,0.0519981384277343,0.0113682858901182,"{'n_neighbors': 50, 'p': 1, 'weights': 'distance'}",10.993706978108609,0.3571211014259876,4,KNN,Subset Dataset
0.0115988254547119,0.0013567291478138,0.0420000076293945,0.0037945714209351,"{'n_neighbors': 50, 'p': 2, 'weights': 'distance'}",11.02277882712642,0.3566584570089049,5,KNN,Subset Dataset
1.1316901206970216,0.0130774072776052,0.5502377510070801,0.0109020057547889,"{'C': 1, 'gamma': 'auto', 'kernel': 'rbf'}",11.034171835941398,0.2577853719615011,3,SVM,Subset Dataset
1.1542786598205566,0.0403579077526021,0.5473287105560303,0.0057346442193234,"{'C': 1, 'gamma': 'scale', 'kernel': 'rbf'}",11.03424307261268,0.2575097822391701,4,SVM,Subset Dataset
1.6348834037780762,0.0691994110179689,0.5828547477722168,0.063163955958059,"{'C': 100, 'gamma': 'auto', 'kernel': 'rbf'}",11.042361337559058,0.3705779488356481,5,SVM,Subset Dataset
1.5679515838623046,0.0584707489706744,0.5832012176513672,0.0442965294482613,"{'C': 100, 'gamma': 'scale', 'kernel': 'rbf'}",11.04245537478539,0.3706117302849742,6,SVM,Subset Dataset
0.0141990184783935,0.0061125637058495,0.0372031211853027,0.0080102212446297,"{'n_neighbors': 20, 'p': 2, 'weights': 'uniform'}",11.050644789373788,0.3622949853600549,6,KNN,Subset Dataset
0.009598159790039,0.0004911788121307,0.0356019973754882,0.0034989515593409,"{'n_neighbors': 20, 'p': 1, 'weights': 'distance'}",11.07113967915127,0.3830225798824127,7,KNN,Subset Dataset
0.0101974964141845,0.0004015694708918,0.0366025924682617,0.0061861937981111,"{'n_neighbors': 20, 'p': 2, 'weights': 'distance'}",11.118669727641246,0.370813018215502,8,KNN,Subset Dataset
0.0175968170166015,0.0082376167194465,0.0346033573150634,0.0219343983621488,"{'n_neighbors': 10, 'p': 2, 'weights': 'uniform'}",11.265167822388031,0.3776694957315192,9,KNN,Subset Dataset
0.0104004859924316,0.0014974445297455,0.0332004070281982,0.0036591063874061,"{'n_neighbors': 10, 'p': 1, 'weights': 'uniform'}",11.3225524758996,0.385937272991435,10,KNN,Subset Dataset
0.0101960182189941,0.001166708311025,0.0294008731842041,0.0069426502843663,"{'n_neighbors': 10, 'p': 2, 'weights': 'distance'}",11.345046751329267,0.3875051768581912,11,KNN,Subset Dataset
0.0110012054443359,0.0030347072276911,0.0019990921020507,9.344061823971474e-07,{'fit_intercept': True},11.394374739359677,0.3143417539745036,1,Linear Regression,Subset Dataset
0.0169941425323486,0.0097188791090636,0.0466004371643066,0.0122903125305984,"{'n_neighbors': 10, 'p': 1, 'weights': 'distance'}",11.406097472159642,0.3958403317133053,12,KNN,Subset Dataset
1.05278902053833,0.0445593419067603,0.2152031421661377,0.0262481751978743,"{'C': 0.001, 'degree': 2, 'kernel': 'linear'}",11.412506081955735,0.1676064509946063,31,SVM,Full Dataset
1.086294937133789,0.1617569885471809,0.1947981357574462,0.0057771073347475,"{'C': 0.001, 'degree': 4, 'kernel': 'linear'}",11.412506081955735,0.1676064509946063,31,SVM,Full Dataset
1.539988374710083,0.2888221883463704,0.2586037158966064,0.037138696963416,"{'C': 0.001, 'degree': 3, 'kernel': 'linear'}",11.412506081955735,0.1676064509946063,31,SVM,Full Dataset
1.636061859130859,0.1778608846536743,0.1867147922515869,0.0242148472914027,"{'C': 10, 'degree': 4, 'kernel': 'linear'}",11.42834889666525,0.3311996087120967,7,SVM,Subset Dataset
1.5005303382873536,0.2189432635461146,0.1729985237121582,0.0074567232088365,"{'C': 10, 'degree': 3, 'kernel': 'linear'}",11.42834889666525,0.3311996087120967,7,SVM,Subset Dataset
1.4735575199127198,0.2056865400282332,0.1780004024505615,0.0081003970906216,"{'C': 10, 'degree': 2, 'kernel': 'linear'}",11.42834889666525,0.3311996087120967,7,SVM,Subset Dataset
4.727630805969239,0.2651267710576302,0.2039991855621337,0.0522425879049851,"{'C': 100, 'degree': 3, 'kernel': 'linear'}",11.428454994188431,0.3310378244587715,10,SVM,Subset Dataset
4.6165533542633055,0.1857928728040877,0.1795084476470947,0.0072506970794386,"{'C': 100, 'degree': 2, 'kernel': 'linear'}",11.428454994188431,0.3310378244587715,10,SVM,Subset Dataset
4.83563346862793,0.462738499269828,0.1735990047454834,0.0042246130191288,"{'C': 100, 'degree': 4, 'kernel': 'linear'}",11.428454994188431,0.3310378244587715,10,SVM,Subset Dataset
33.350375175476074,2.1404990642816504,0.1661996841430664,0.0044007302596414,"{'C': 1000, 'degree': 3, 'kernel': 'linear'}",11.428574069051797,0.3311815051531376,13,SVM,Subset Dataset
33.27676949501038,1.6640155166496975,0.1699991703033447,0.0050607477477472,"{'C': 1000, 'degree': 2, 'kernel': 'linear'}",11.428574069051797,0.3311815051531376,13,SVM,Subset Dataset
30.083940315246583,2.026840184895015,0.1624577045440673,0.004380885435253,"{'C': 1000, 'degree': 4, 'kernel': 'linear'}",11.428574069051797,0.3311815051531376,13,SVM,Subset Dataset
1.0759850025177002,0.2591482171077064,0.1779991149902343,0.0065118179447342,"{'C': 0.1, 'degree': 3, 'kernel': 'linear'}",11.42875502318463,0.3348903682775406,16,SVM,Subset Dataset
1.0780320167541504,0.2056962404562576,0.2205978393554687,0.0517072218592025,"{'C': 0.1, 'degree': 2, 'kernel': 'linear'}",11.42875502318463,0.3348903682775406,16,SVM,Subset Dataset
1.0531691551208495,0.1987777734629507,0.1793868064880371,0.0089506883376062,"{'C': 0.1, 'degree': 4, 'kernel': 'linear'}",11.42875502318463,0.3348903682775406,16,SVM,Subset Dataset
1.265367603302002,0.2931481199548795,0.2108355045318603,0.0445206393789632,"{'C': 1, 'degree': 2, 'kernel': 'linear'}",11.429958026675834,0.3345123367491844,19,SVM,Subset Dataset
1.1254509449005128,0.2270501538387754,0.1965137481689453,0.0297124521038009,"{'C': 1, 'degree': 3, 'kernel': 'linear'}",11.429958026675834,0.3345123367491844,19,SVM,Subset Dataset
1.1072538375854493,0.2312235353924445,0.1813363552093506,0.0247942072401543,"{'C': 1, 'degree': 4, 'kernel': 'linear'}",11.429958026675834,0.3345123367491844,19,SVM,Subset Dataset
22.520487976074214,1.8908765406897043,0.7287404537200928,0.1398800388885369,"{'C': 1000, 'gamma': 'auto', 'kernel': 'rbf'}",11.515117189968777,0.3603952903687268,34,SVM,Full Dataset
1.3766765117645263,0.2385208685067849,0.2263889789581298,0.0382996851297006,"{'C': 0.01, 'degree': 3, 'kernel': 'linear'}",11.531958093276575,0.2985706218449467,22,SVM,Subset Dataset
0.9468859672546388,0.0305391555387395,0.1749986171722412,0.0080763815158397,"{'C': 0.01, 'degree': 4, 'kernel': 'linear'}",11.531958093276575,0.2985706218449467,22,SVM,Subset Dataset
1.1531980991363526,0.1640501868901112,0.2138322353363037,0.0650590786166847,"{'C': 0.01, 'degree': 2, 'kernel': 'linear'}",11.531958093276575,0.2985706218449467,22,SVM,Subset Dataset
8.270063591003417,0.7571214385253909,0.6051779747009277,0.0283088942594671,"{'C': 1000, 'gamma': 'scale', 'kernel': 'rbf'}",11.53307392242189,0.3104916306013063,25,SVM,Subset Dataset
7.279973936080933,0.3766296153633124,0.5607381343841553,0.0326265237304712,"{'C': 1000, 'gamma': 'auto', 'kernel': 'rbf'}",11.535479540298038,0.309968106622802,26,SVM,Subset Dataset
22.95074644088745,1.5144781409681296,0.6696897983551026,0.0956091222703286,"{'C': 1000, 'gamma': 'scale', 'kernel': 'rbf'}",11.608117136485102,0.3727218310104999,35,SVM,Full Dataset
0.0152004718780517,0.0038705426761187,0.0279984474182128,0.0092017492269959,"{'n_neighbors': 5, 'p': 2, 'weights': 'uniform'}",11.765764211894869,0.4182988450082123,13,KNN,Subset Dataset
0.0111875057220458,0.0011558520361135,0.0200025081634521,0.0034096909986515,"{'n_neighbors': 5, 'p': 2, 'weights': 'distance'}",11.848686726800745,0.4254264966251186,14,KNN,Subset Dataset
0.0162005424499511,0.0104197842261679,0.0312010288238525,0.0134411926386745,"{'n_neighbors': 5, 'p': 1, 'weights': 'uniform'}",11.86215901623299,0.3165725423199452,15,KNN,Subset Dataset
1.0787033557891843,0.0480870193000233,0.2101993560791015,0.0145086378615634,"{'C': 0.1, 'gamma': 'scale', 'kernel': 'poly'}",11.869338221489276,0.2005714994478074,36,SVM,Full Dataset
0.009996223449707,0.0006320369849785,0.0254027366638183,0.0020569766511188,"{'n_neighbors': 5, 'p': 1, 'weights': 'distance'}",11.927848987563058,0.3310978581204136,16,KNN,Subset Dataset
1.0510726928710938,0.043050399016279,0.2068798065185547,0.0106547120032843,"{'C': 0.1, 'gamma': 'auto', 'kernel': 'poly'}",12.042110958712472,0.1920029566473393,37,SVM,Full Dataset
1.0417962074279783,0.038053447973356,0.1710006237030029,0.0112615002909632,"{'C': 1, 'gamma': 'scale', 'kernel': 'poly'}",12.115534744628023,0.3199703688902249,27,SVM,Subset Dataset
1.0419283390045166,0.0092644626716659,0.1725993156433105,0.0036114292412776,"{'C': 1, 'gamma': 'auto', 'kernel': 'poly'}",12.116274819233642,0.3204160698442974,28,SVM,Subset Dataset
1.6388136386871337,0.0172080288454353,0.1688513278961181,0.0023981347796084,"{'C': 10, 'gamma': 'scale', 'kernel': 'poly'}",12.131342140821204,0.2729343661313721,29,SVM,Subset Dataset
1.772590970993042,0.161388206102034,0.1847998142242431,0.0184863288790268,"{'C': 10, 'gamma': 'auto', 'kernel': 'poly'}",12.131842025959784,0.2731241745590251,30,SVM,Subset Dataset
1.2712218761444092,0.0743074976908276,0.6289414405822754,0.0357352027822086,"{'C': 0.1, 'gamma': 'auto', 'kernel': 'rbf'}",12.16209239817602,0.1964460394683177,38,SVM,Full Dataset
7.787229108810425,0.779480853766506,0.1854478359222412,0.0081279521781031,"{'C': 100, 'gamma': 'auto', 'kernel': 'poly'}",12.199836032037982,0.3383673418557095,31,SVM,Subset Dataset
7.96774959564209,0.7380208805044715,0.1708723545074462,0.0037937397048729,"{'C': 100, 'gamma': 'scale', 'kernel': 'poly'}",12.200170571289336,0.3390872426961394,32,SVM,Subset Dataset
66.74035043716431,7.819378272213182,0.1390536785125732,0.0326785826969638,"{'C': 1000, 'gamma': 'scale', 'kernel': 'poly'}",12.247430731992036,0.3649528789641658,33,SVM,Subset Dataset
60.55938048362732,7.930872435417825,0.1289111137390136,0.022885702562768,"{'C': 1000, 'gamma': 'auto', 'kernel': 'poly'}",12.247524141659303,0.3635118938077767,34,SVM,Subset Dataset
1.2607376098632812,0.0526068424320216,0.618261194229126,0.0208212836354275,"{'C': 0.1, 'gamma': 'scale', 'kernel': 'rbf'}",12.253778733368195,0.1977905661599529,39,SVM,Full Dataset
1.120903491973877,0.0266112153544136,0.5454015731811523,0.0079138813467211,"{'C': 0.1, 'gamma': 'auto', 'kernel': 'rbf'}",12.28037381699247,0.2349543551563167,35,SVM,Subset Dataset
1.1418261528015137,0.026038285814025,0.544401216506958,0.0112535132203321,"{'C': 0.1, 'gamma': 'scale', 'kernel': 'rbf'}",12.28112068814294,0.2344078247721376,36,SVM,Subset Dataset
0.9515998840332032,0.0259651085203593,0.1678967475891113,0.002948488303675,"{'C': 0.1, 'gamma': 'scale', 'kernel': 'poly'}",12.622494567364786,0.3861211213121125,37,SVM,Subset Dataset
0.9151734828948974,0.0130402395188572,0.1670015811920166,0.0028992214661019,"{'C': 0.1, 'gamma': 'auto', 'kernel': 'poly'}",12.623101514113774,0.3896883343117016,38,SVM,Subset Dataset
0.0089982986450195,0.0012630201092618,0.0039980888366699,3.3562020024810364e-06,"{'alpha': 10, 'l1_ratio': 0.1}",12.763188628303618,0.1839905030829864,21,Elastic Net Regression,Full Dataset
1.203435516357422,0.0169623956785571,0.2410396099090576,0.0067189044533087,"{'C': 0.1, 'gamma': 'auto', 'kernel': 'sigmoid'}",12.801502058158324,0.3553445035276881,39,SVM,Subset Dataset
1.2106357097625733,0.0232981851357246,0.2367992401123047,0.0031878399278968,"{'C': 0.1, 'gamma': 'scale', 'kernel': 'sigmoid'}",12.80279435236545,0.3530644366622239,40,SVM,Subset Dataset
11.80209379196167,0.7522107988274561,0.2038716316223144,0.0125727223519156,"{'C': 100, 'gamma': 'auto', 'kernel': 'poly'}",12.938094383849483,1.0412872344682993,40,SVM,Full Dataset
1.2289495944976807,0.0163168621134049,0.237000036239624,0.0077975063179176,"{'C': 0.01, 'gamma': 'scale', 'kernel': 'sigmoid'}",13.038931693751511,0.2075365269727421,41,SVM,Subset Dataset
1.2331568241119384,0.0346046502323487,0.2439651489257812,0.0050006193166772,"{'C': 0.01, 'gamma': 'auto', 'kernel': 'sigmoid'}",13.039536912010217,0.2074443345463562,42,SVM,Subset Dataset
1.215726375579834,0.3735978218616833,0.2092023849487304,0.0112310010678029,"{'C': 0.001, 'degree': 4, 'kernel': 'linear'}",13.068327123380916,0.2035081347981913,43,SVM,Subset Dataset
1.2752313137054443,0.2627559585522631,0.2019995212554931,0.0187924746903401,"{'C': 0.001, 'degree': 3, 'kernel': 'linear'}",13.068327123380916,0.2035081347981913,43,SVM,Subset Dataset
1.2762303352355957,0.2316522164051367,0.2393452644348144,0.0672073158450229,"{'C': 0.001, 'degree': 2, 'kernel': 'linear'}",13.068327123380916,0.2035081347981913,43,SVM,Subset Dataset
1.3899165630340575,0.0551971062375519,0.2836761951446533,0.0101158257349849,"{'C': 0.01, 'gamma': 'scale', 'kernel': 'sigmoid'}",13.074215649279749,0.1804285803713741,41,SVM,Full Dataset
1.3991759777069093,0.0497444985782042,0.293797492980957,0.0183983031172843,"{'C': 0.01, 'gamma': 'auto', 'kernel': 'sigmoid'}",13.166581460295072,0.184795015386704,42,SVM,Full Dataset
0.0090001583099365,0.0010991982550498,0.0041990756988525,0.0004023366016469,"{'alpha': 10, 'l1_ratio': 0.3}",13.261286543787609,0.2032608543051021,22,Elastic Net Regression,Full Dataset
13.215970659255982,1.8034807133655344,0.2144487380981445,0.0280639629174232,"{'C': 100, 'gamma': 'scale', 'kernel': 'poly'}",13.386553326097882,1.2772904297832044,43,SVM,Full Dataset
0.8943999767303467,0.0061512201637832,0.1642005920410156,0.0028568752996293,"{'C': 0.01, 'gamma': 'auto', 'kernel': 'poly'}",13.521746840494632,0.3102763296844491,46,SVM,Subset Dataset
0.909197759628296,0.0214243632204444,0.1674011707305908,0.0051236212461,"{'C': 0.01, 'gamma': 'scale', 'kernel': 'poly'}",13.523063819962385,0.3048718557451473,47,SVM,Subset Dataset
1.0742756366729735,0.0553748013542918,0.2111593723297119,0.0070727473382913,"{'C': 0.01, 'gamma': 'scale', 'kernel': 'poly'}",13.527173956162336,0.1311128612224298,44,SVM,Full Dataset
1.077678632736206,0.048292972808885,0.214869737625122,0.0169684813317425,"{'C': 0.01, 'gamma': 'auto', 'kernel': 'poly'}",13.67943500062899,0.1302075922578364,45,SVM,Full Dataset
0.0082009315490722,0.0004029368619541,0.0033959865570068,0.0004910181962846,"{'alpha': 10, 'l1_ratio': 0.5}",13.858175889904713,0.2149930605868937,23,Elastic Net Regression,Full Dataset
0.0075978755950927,0.0004893915304978,0.0032012939453125,0.0004026652617665,"{'alpha': 10, 'l1_ratio': 0.7}",14.490879453945857,0.2338010746212564,24,Elastic Net Regression,Full Dataset
0.9325035572052002,0.0174663467631584,0.171799087524414,0.0034304053362976,"{'C': 0.001, 'gamma': 'scale', 'kernel': 'poly'}",14.506269442443903,0.1994746078103759,48,SVM,Subset Dataset
0.8953176021575928,0.0218241847343852,0.1699997901916504,0.0070707980765498,"{'C': 0.001, 'gamma': 'auto', 'kernel': 'poly'}",14.506619456440657,0.2002623069902716,49,SVM,Subset Dataset
1.116515827178955,0.0130423137771212,0.5450793266296386,0.0059872581120959,"{'C': 0.01, 'gamma': 'auto', 'kernel': 'rbf'}",14.64498142436889,0.2050146315062257,50,SVM,Subset Dataset
1.1129676342010495,0.0152973617242683,0.5455681324005127,0.0072023915253218,"{'C': 0.01, 'gamma': 'scale', 'kernel': 'rbf'}",14.645550535038808,0.2063101172751116,51,SVM,Subset Dataset
1.2760247707366943,0.0594203557641041,0.6232010841369628,0.0239279903579657,"{'C': 0.01, 'gamma': 'auto', 'kernel': 'rbf'}",14.842110747659552,0.2125193875308862,46,SVM,Full Dataset
1.3052973747253418,0.0569369744556862,0.6456748962402343,0.0398690858506897,"{'C': 0.01, 'gamma': 'scale', 'kernel': 'rbf'}",14.878549752821993,0.2146992988771914,47,SVM,Full Dataset
0.0065971851348876,0.0010223701769389,0.0033989906311035,0.0004890340305216,"{'alpha': 10, 'l1_ratio': 0.9}",15.016997318998424,0.2517117875160968,25,Elastic Net Regression,Full Dataset
1.0979137420654297,0.0753898764500471,0.2177985668182373,0.0147817505935066,"{'C': 0.001, 'gamma': 'scale', 'kernel': 'poly'}",15.11889215416956,0.1753165828705283,48,SVM,Full Dataset
1.05148344039917,0.0424677042088536,0.2065683841705322,0.0130651516697448,"{'C': 0.001, 'gamma': 'auto', 'kernel': 'poly'}",15.23769513303345,0.1872461885141885,49,SVM,Full Dataset
1.2567293167114255,0.0161567401462417,0.2482201099395752,0.0063916000248997,"{'C': 0.001, 'gamma': 'auto', 'kernel': 'sigmoid'}",15.284581817266517,0.2126902008715044,52,SVM,Subset Dataset
1.2394378185272217,0.0244909530359759,0.2396121978759765,0.0082284379994512,"{'C': 0.001, 'gamma': 'scale', 'kernel': 'sigmoid'}",15.284706054140454,0.2121257703353894,53,SVM,Subset Dataset
1.4444485664367677,0.0643165873171477,0.2910163879394531,0.0201911584420331,"{'C': 0.001, 'gamma': 'scale', 'kernel': 'sigmoid'}",15.365200373793735,0.2142356914643992,50,SVM,Full Dataset
1.3998520851135254,0.0858930962492835,0.280798864364624,0.0201824441489195,"{'C': 0.001, 'gamma': 'auto', 'kernel': 'sigmoid'}",15.385108414122522,0.2152802106837266,51,SVM,Full Dataset
0.010212755203247,0.0014638661606292,0.0029959678649902,1.0070186654063642e-05,{'alpha': 10},15.399870078119823,0.2626631810396873,5,Lasso Regression,Full Dataset
1.1423988342285156,0.0160446632321545,0.546330451965332,0.0110780328881472,"{'C': 0.001, 'gamma': 'auto', 'kernel': 'rbf'}",15.603512255991228,0.217991497569247,54,SVM,Subset Dataset
1.1398170948028563,0.011161834516471,0.5459677696228027,0.0103116218857795,"{'C': 0.001, 'gamma': 'scale', 'kernel': 'rbf'}",15.603551234858813,0.2181694437674625,55,SVM,Subset Dataset
1.296760082244873,0.0636017628075095,0.632798147201538,0.0395034284358172,"{'C': 0.001, 'gamma': 'auto', 'kernel': 'rbf'}",15.63784932504782,0.2203858241209624,52,SVM,Full Dataset
1.3823090553283692,0.1295689242212578,0.6764070987701416,0.0401954641607575,"{'C': 0.001, 'gamma': 'scale', 'kernel': 'rbf'}",15.64246551900438,0.2206706243420112,53,SVM,Full Dataset
148.39217042922974,12.530905644545928,0.1794326305389404,0.0320006503603674,"{'C': 1000, 'gamma': 'auto', 'kernel': 'poly'}",22.50804308460582,4.8754934799025005,54,SVM,Full Dataset
193.30211534500123,7.495005518653065,0.1502833366394043,0.0312897703141319,"{'C': 1000, 'gamma': 'scale', 'kernel': 'poly'}",24.680499100434663,5.974512453861167,55,SVM,Full Dataset
1.3651666641235352,0.0596128252996033,0.2782269954681396,0.0145946542897138,"{'C': 1, 'gamma': 'auto', 'kernel': 'sigmoid'}",44.01737913816715,2.8074685480907293,56,SVM,Full Dataset
1.384793043136597,0.05025280183311,0.2966307163238525,0.0163447689901131,"{'C': 1, 'gamma': 'scale', 'kernel': 'sigmoid'}",50.43694429421333,4.067734680602853,57,SVM,Full Dataset
1.2301835536956789,0.0101860258500637,0.2396004676818847,0.0048414181527344,"{'C': 1, 'gamma': 'auto', 'kernel': 'sigmoid'}",100.8841116469996,5.798606270798056,56,SVM,Subset Dataset
1.245259666442871,0.0117594219528582,0.239966344833374,0.0071043659905701,"{'C': 1, 'gamma': 'scale', 'kernel': 'sigmoid'}",100.918061350916,6.71141685280196,57,SVM,Subset Dataset
1.384273624420166,0.0538520832850725,0.2828022003173828,0.0179965469519213,"{'C': 10, 'gamma': 'auto', 'kernel': 'sigmoid'}",463.562442996792,36.66244770370427,58,SVM,Full Dataset
1.3920231819152833,0.0467675504624885,0.2884006977081298,0.0178951178628541,"{'C': 10, 'gamma': 'scale', 'kernel': 'sigmoid'}",520.1762973853149,46.02943322152396,59,SVM,Full Dataset
1.2885989665985107,0.0482938738705783,0.2585680961608886,0.0238809642761844,"{'C': 10, 'gamma': 'scale', 'kernel': 'sigmoid'}",1002.214084845192,67.67323483152691,58,SVM,Subset Dataset
1.2369024276733398,0.0594381860688475,0.2452000617980957,0.0138753193043129,"{'C': 10, 'gamma': 'auto', 'kernel': 'sigmoid'}",1002.4295321174076,59.52928444135522,59,SVM,Subset Dataset
1.424788522720337,0.052958988137081,0.2793278217315674,0.0094455208630548,"{'C': 100, 'gamma': 'auto', 'kernel': 'sigmoid'}",3913.287950335728,685.1423384557816,60,SVM,Full Dataset
1.3719333171844483,0.0520477169777006,0.2756570816040039,0.0168833243334089,"{'C': 100, 'gamma': 'scale', 'kernel': 'sigmoid'}",4729.3861726453,510.797848223099,61,SVM,Full Dataset
1.523228359222412,0.1641771356559555,0.2683187961578369,0.0230411215620966,"{'C': 100, 'gamma': 'auto', 'kernel': 'sigmoid'}",10009.94369274443,588.1474544045914,60,SVM,Subset Dataset
1.41906418800354,0.2408529423590719,0.2722164154052734,0.041398516442261,"{'C': 100, 'gamma': 'scale', 'kernel': 'sigmoid'}",10010.386969333324,673.0336899013586,61,SVM,Subset Dataset
1.4167619705200196,0.1158451283712222,0.2833738327026367,0.0161970521129765,"{'C': 1000, 'gamma': 'auto', 'kernel': 'sigmoid'}",40379.738234263685,9585.884929762624,62,SVM,Full Dataset
1.4289217948913575,0.1045682288299465,0.2704008102416992,0.0102103099576348,"{'C': 1000, 'gamma': 'scale', 'kernel': 'sigmoid'}",44482.85093767477,6850.338171134644,63,SVM,Full Dataset
1.392077875137329,0.2141953160270354,0.2990422248840332,0.0921043003063684,"{'C': 1000, 'gamma': 'auto', 'kernel': 'sigmoid'}",100082.99770659296,5892.122340111803,62,SVM,Subset Dataset
1.5032502174377442,0.1615764439342953,0.294627571105957,0.0524231446567303,"{'C': 1000, 'gamma': 'scale', 'kernel': 'sigmoid'}",100084.5839412137,6723.774255617703,63,SVM,Subset Dataset
